quantity,unit,review,ingredients,discount,overAllRating,imageUrl,subCategory,createdOn,veg,category,description,price,productId,productName
12,250 ml,,,10,5,"https://egg-product.s3.amazonaws.com/images/drink1-removebg-preview.png,https://egg-product.s3.amazonaws.com/images/drink2-removebg-preview.png,https://egg-product.s3.amazonaws.com/images/drink3-removebg-preview.png,https://egg-product.s3.amazonaws.com/images/drink4-removebg-preview.png",Egg Liquids,2024-10-21T08:53:42.111Z,FALSE,Egg Liquids,"Nutrient-rich egg liquid drink, a quick and easy protein boost anytime.",200,b852b3b2-3c05-4cb5-94e9-dadc89ff8ad3,Egg white liquid   250 ml
10,dozen,,,25,5,"https://egg-product.s3.amazonaws.com/images/brown4-removebg-preview.png,https://egg-product.s3.amazonaws.com/images/brown3-removebg-preview.png,https://egg-product.s3.amazonaws.com/images/brown2-removebg-preview.png,https://egg-product.s3.amazonaws.com/images/brown1-removebg-preview.png",Country Egg,2024-10-21T06:59:33.262Z,FALSE,Egg,"Traditional country eggs, perfect for those seeking natural and healthy options.",180,e6235944-0502-4b94-abe3-97d63b0508f0,Brown Eggs Pack of 30 (30 Pieces)
10,600 Gm,,,40,5,https://egg-product.s3.amazonaws.com/images/marinated3.png,Broiler Chicken Meat,2024-10-21T14:51:18.640Z,FALSE,Meat,"2 Marinated Chicken Drumsticks, 1 Full Chicken Leg (Thigh & Drumstick), 1 Garlic & Herb Chicken Breast, 3 packs of Ready-to-Cook Chicken Wings",800,9fda7782-8a15-4e75-be2f-75305d7491dd,Marinated Chicken Variety Pack
12,250 Gm,,,10,5,"https://egg-product.s3.amazonaws.com/images/cmeat1-removebg-preview.png,https://egg-product.s3.amazonaws.com/images/cmeat2-removebg-preview.png,https://egg-product.s3.amazonaws.com/images/cmeat3-removebg-preview.png,https://egg-product.s3.amazonaws.com/images/cmeat4-removebg-preview.png",Country Chicken Meat,2024-10-21T08:35:46.072Z,FALSE,Meat,"Authentic country meat, rich in flavor and sourced from free-range farms.",300,9dafdaeb-068c-4b24-8359-e319cca5906c,Premium Chicken free Drumsticks
10,dozen,,,15,5,"https://egg-product.s3.amazonaws.com/images/brown2-removebg-preview.png,https://egg-product.s3.amazonaws.com/images/brown1-removebg-preview.png,https://egg-product.s3.amazonaws.com/images/brown3-removebg-preview.png,https://egg-product.s3.amazonaws.com/images/brown4-removebg-preview.png",Country Egg,2024-10-21T06:57:33.297Z,FALSE,Egg,"Farm-fresh country eggs, known for their rich yolk and superior taste.",130,666cecfd-34df-4b7e-8c35-567e19c38e89,Brown Eggs Pack of 12 (12 Pieces)
12,350 ml,,,15,5,"https://egg-product.s3.amazonaws.com/images/drink2-removebg-preview.png,https://egg-product.s3.amazonaws.com/images/drink1-removebg-preview.png,https://egg-product.s3.amazonaws.com/images/drink3-removebg-preview.png,https://egg-product.s3.amazonaws.com/images/drink4-removebg-preview.png",Egg Liquids,2024-10-21T08:55:19.143Z,FALSE,Egg Liquids,"Smooth and pure egg liquid drink, ideal for fitness enthusiasts and athletes.",300,9768fece-5102-4103-ade9-a96db011ba7f,Egg Yellow liquid
12,dozen,,,10,5,"https://egg-product.s3.amazonaws.com/images/brown1-removebg-preview.png,https://egg-product.s3.amazonaws.com/images/brown2-removebg-preview.png,https://egg-product.s3.amazonaws.com/images/brown3-removebg-preview.png,https://egg-product.s3.amazonaws.com/images/brown4-removebg-preview.png",Country Egg,2024-10-21T06:53:49.706Z,FALSE,Egg,"Organic country eggs, packed with natural goodness and rich flavor.",80,e39b824e-b9c3-4eb9-82d9-16b272fa91fe,Brown Eggs Pack of 6 (6 Pieces)
10,dozen,,,20,5,"https://egg-product.s3.amazonaws.com/images/brown3-removebg-preview.png,https://egg-product.s3.amazonaws.com/images/brown2-removebg-preview.png,https://egg-product.s3.amazonaws.com/images/brown1-removebg-preview.png,https://egg-product.s3.amazonaws.com/images/brown4-removebg-preview.png",Country Egg,2024-10-21T06:58:14.557Z,FALSE,Egg,"Nutritious country eggs, sourced from free-range hens for wholesome quality.",150,072a59fe-4deb-4b98-802e-36e7b6225564,Brown Eggs Pack of 24 (24 Pieces)
12,dozen,,,15,5,"https://egg-product.s3.amazonaws.com/images/white2-removebg-preview.png,https://egg-product.s3.amazonaws.com/images/white_egg1-removebg-preview.png,https://egg-product.s3.amazonaws.com/images/white3-removebg-preview.png,https://egg-product.s3.amazonaws.com/images/white4-removebg-preview.png",White Egg,2024-10-21T06:17:03.429Z,FALSE,Egg,"Premium quality white eggs, rich in nutrients and ideal for cooking.",80,27426f12-54ff-421f-aa95-3f2cbde59067,White Eggs Pack of 12
13,800 Gm,,,25,5,"https://egg-product.s3.amazonaws.com/images/bmeat4-removebg-preview.png,https://egg-product.s3.amazonaws.com/images/bmeat3-removebg-preview.png,https://egg-product.s3.amazonaws.com/images/bmeat2-removebg-preview.png,https://egg-product.s3.amazonaws.com/images/bmeat1-removebg-preview.png",Broiler Chicken Meat,2024-10-21T07:47:06.091Z,FALSE,Meat,"Premium quality broiler chicken, ideal for grilling, roasting, or frying.",280,9fce8f77-5ab8-4bf0-9341-4419db32a9fb,Premium Chicken Thigh Boneless Piece(3 Pieces)
10,250 Gm,,,10,5,"https://egg-product.s3.amazonaws.com/images/bmeat1-removebg-preview.png,https://egg-product.s3.amazonaws.com/images/bmeat2-removebg-preview.png,https://egg-product.s3.amazonaws.com/images/bmeat3-removebg-preview.png,https://egg-product.s3.amazonaws.com/images/bmeat4-removebg-preview.png",Broiler Chicken Meat,2024-10-21T07:35:03.044Z,FALSE,Meat,"Tender and juicy broiler meat, perfect for all your favorite recipes.",150,80b0fa74-3142-42c1-a627-82af2ec1943b,Premium Chicken Thigh Piece (2 Pieces)
10,300 Gm,,,20,5,https://egg-product.s3.amazonaws.com/images/marinated.jpg,Broiler Chicken Meat,2024-10-21T14:46:54.029Z,FALSE,Meat,"2 Marinated Chicken Drumsticks, 1 Full Chicken Leg (Thigh & Drumstick), 1 Garlic & Herb Chicken Breast, 3 packs of Ready-to-Cook Chicken Wings",400,cbfdab34-251c-4c8b-a64d-bf01b21adfaa,Marinated Chicken Variety Pack
10,450 Gm,,,30,5,https://egg-product.s3.amazonaws.com/images/marinated2.png,Broiler Chicken Meat,2024-10-21T14:49:39.715Z,FALSE,Meat,"2 Marinated Chicken Drumsticks, 1 Full Chicken Leg (Thigh & Drumstick), 1 Garlic & Herb Chicken Breast, 3 packs of Ready-to-Cook Chicken Wings",600,585580dc-4c69-45f4-a6e5-686820f6e852,Marinated Chicken Variety Pack
12,600 Gm,,,25,5,"https://egg-product.s3.amazonaws.com/images/cmeat4-removebg-preview.png,https://egg-product.s3.amazonaws.com/images/cmeat3-removebg-preview.png,https://egg-product.s3.amazonaws.com/images/cmeat2-removebg-preview.png,https://egg-product.s3.amazonaws.com/images/cmeat1-removebg-preview.png",Country Chicken Meat,2024-10-21T08:39:31.428Z,FALSE,Meat,"Premium quality country meat, ideal for slow cooking and savory dishes.",900,62bf0b4b-55fa-48d2-b77e-3b680537be5d,Premium Country Chicken Winglets Skinless
10,dozen,,,10,5,"https://egg-product.s3.amazonaws.com/images/white_egg1-removebg-preview.png,https://egg-product.s3.amazonaws.com/images/white2-removebg-preview.png,https://egg-product.s3.amazonaws.com/images/white3-removebg-preview.png,https://egg-product.s3.amazonaws.com/images/white4-removebg-preview.png",White Egg,2024-10-21T06:08:32.865Z,FALSE,Egg,Fresh White eggs from free-range hens.,55,94286c56-d36f-425b-8ad5-f016e91eff62,White Eggs Pack of 6
15,dozen,,,20,5,"https://egg-product.s3.amazonaws.com/images/white3-removebg-preview.png,https://egg-product.s3.amazonaws.com/images/white2-removebg-preview.png,https://egg-product.s3.amazonaws.com/images/white_egg1-removebg-preview.png,https://egg-product.s3.amazonaws.com/images/white4-removebg-preview.png",White Egg,2024-10-21T06:17:56.722Z,FALSE,Egg,"Grade-A white eggs, naturally sourced for a healthy lifestyle.",120,f0ae260e-7887-4b30-a9c8-f0af7b8a41f6,White Eggs Pack of 24
12,550 ml,,,25,5,"https://egg-product.s3.amazonaws.com/images/drink4-removebg-preview.png,https://egg-product.s3.amazonaws.com/images/drink3-removebg-preview.png,https://egg-product.s3.amazonaws.com/images/drink2-removebg-preview.png,https://egg-product.s3.amazonaws.com/images/drink1-removebg-preview.png",Egg Liquids,2024-10-21T08:57:22.265Z,FALSE,Egg Liquids,"Convenient egg liquid drink, a natural source of protein for a healthy lifestyle.",500,e8530b8b-a4c4-4e16-9b43-9d1826957ccf,Whole Egg liquid
13,dozen,,,25,5,"https://egg-product.s3.amazonaws.com/images/white4-removebg-preview.png,https://egg-product.s3.amazonaws.com/images/white3-removebg-preview.png,https://egg-product.s3.amazonaws.com/images/white2-removebg-preview.png,https://egg-product.s3.amazonaws.com/images/white_egg1-removebg-preview.png",White Egg,2024-10-21T06:18:43.117Z,FALSE,Egg,"Versatile white eggs, perfect for breakfast, baking, or a quick meal.",150,0f288d8c-5053-4d05-b57b-e674b1ecb78d,White Eggs Pack of 30
12,300 Gm,,,15,5,"https://egg-product.s3.amazonaws.com/images/cmeat2-removebg-preview.png,https://egg-product.s3.amazonaws.com/images/cmeat1-removebg-preview.png,https://egg-product.s3.amazonaws.com/images/cmeat3-removebg-preview.png,https://egg-product.s3.amazonaws.com/images/cmeat4-removebg-preview.png",Country Chicken Meat,2024-10-21T08:37:08.113Z,FALSE,Meat,"Wholesome country meat, perfect for traditional, hearty meals.",450,d7aab5bf-32d2-44bf-9df1-5201e30bd7fa,Premium Chicken Whole Tandoori
12,400 Gm,,,20,5,"https://egg-product.s3.amazonaws.com/images/cmeat3-removebg-preview.png,https://egg-product.s3.amazonaws.com/images/cmeat2-removebg-preview.png,https://egg-product.s3.amazonaws.com/images/cmeat1-removebg-preview.png,https://egg-product.s3.amazonaws.com/images/cmeat4-removebg-preview.png",Country Chicken Meat,2024-10-21T08:38:35.111Z,FALSE,Meat,"Fresh and natural country meat, known for its tender texture and bold taste.",600,15bd44d4-74fa-4671-9eb9-6a34ecd6b8e9,Premium Country Chicken free Drumsticks
12,450 ml,,,20,5,"https://egg-product.s3.amazonaws.com/images/drink3-removebg-preview.png,https://egg-product.s3.amazonaws.com/images/drink2-removebg-preview.png,https://egg-product.s3.amazonaws.com/images/drink1-removebg-preview.png,https://egg-product.s3.amazonaws.com/images/drink4-removebg-preview.png",Egg Liquids,2024-10-21T08:56:43.805Z,FALSE,Egg Liquids,"Ready-to-drink egg liquid, packed with essential amino acids and vitamins.",400,f8b27901-3f6a-4947-8de5-866fdb56d411,Whole Egg liquid
13,400 Gm,,,15,5,"https://egg-product.s3.amazonaws.com/images/bmeat2-removebg-preview.png,https://egg-product.s3.amazonaws.com/images/bmeat1-removebg-preview.png,https://egg-product.s3.amazonaws.com/images/bmeat3-removebg-preview.png,https://egg-product.s3.amazonaws.com/images/bmeat4-removebg-preview.png",Broiler Chicken Meat,2024-10-21T07:36:32.530Z,FALSE,Meat,"Fresh broiler meat, packed with flavor for quick and delicious meals.",180,f8f9fbd3-453a-4458-b1ab-ee72b11551cf,Premium Chicken Thigh Piece (3 Pieces)
13,600 Gm,,,20,5,"https://egg-product.s3.amazonaws.com/images/bmeat3-removebg-preview.png,https://egg-product.s3.amazonaws.com/images/bmeat2-removebg-preview.png,https://egg-product.s3.amazonaws.com/images/bmeat1-removebg-preview.png,https://egg-product.s3.amazonaws.com/images/bmeat4-removebg-preview.png",Broiler Chicken Meat,2024-10-21T07:45:32.148Z,FALSE,Meat,"Premium quality broiler chicken, ideal for grilling, roasting, or frying.",230,341983ad-4cb1-445a-b8fb-47a7e3d44613,Premium Chicken Boneless Chicken cubes
